{"cameraMode":{"drawMode":0,"name":"Shaded","section":"Shading Mode"},"sceneLighting":false,"audioPlay":false,"sceneViewState":{"showFog":true,"showMaterialUpdate":false,"showSkybox":false,"showFlares":true,"showImageEffects":true,"showParticleSystems":true},"in2DMode":false,"pivot":{"x":0.0,"y":1.0199999809265137,"z":-1.159999966621399},"rotation":{"x":0.029862094670534135,"y":-0.7660255432128906,"z":0.035622965544462207,"w":0.6411614418029785},"size":0.8487049341201782,"orthographic":true}