{"cameraMode":{"drawMode":0,"name":"Shaded","section":"Shading Mode"},"sceneLighting":false,"audioPlay":false,"sceneViewState":{"showFog":true,"showMaterialUpdate":false,"showSkybox":false,"showFlares":true,"showImageEffects":true,"showParticleSystems":true},"in2DMode":false,"pivot":{"x":-20.57708740234375,"y":1.641817331314087,"z":-13.15463924407959},"rotation":{"x":0.08313331753015518,"y":-0.5382501482963562,"z":0.053460199385881427,"w":0.8369777202606201},"size":2.3434176445007326,"orthographic":true}