{"cameraMode":{"drawMode":0,"name":"Shaded","section":"Shading Mode"},"sceneLighting":false,"audioPlay":false,"sceneViewState":{"showFog":true,"showMaterialUpdate":false,"showSkybox":false,"showFlares":true,"showImageEffects":true,"showParticleSystems":true},"in2DMode":false,"pivot":{"x":-0.4067171514034271,"y":0.5853271484375,"z":1.2817909717559815},"rotation":{"x":0.07318645715713501,"y":0.3216588497161865,"z":-0.024946022778749467,"w":0.9436960220336914},"size":0.6739161610603333,"orthographic":true}